;E_expect (kJ/mol);E_vac_expect (kJ/mol);Hvap_bootstrap (kJ/mol);Hvap_expect (kJ/mol);N_eff;Vol_bootstrap (mL/mol);Vol_expect (mL/mol);dE_expect (kJ/mol);dE_vac_expect (kJ/mol);dHvap_bootstrap (kJ/mol);dHvap_expect (kJ/mol);dVol_bootstrap (mL/mol);dVol_expect (mL/mol);epsilon values;rmin_half values
0;12533.882694926511;82.98623612485943;35.053500754320176;35.310565239020384;1735.9640280355527;109.95633992969653;109.95154587121296;5.268653169927815;0.14330512687109465;0.0;0.14484646593266345;0.0;0.024336800208772647;0.111102031331;1.88003963316
1;11825.941772497627;79.88420657367877;34.809129242097605;35.04039266658104;2131.27274744686;109.01820543513479;109.02789215061537;4.727177328153783;0.14273407179999942;0.0;0.14398109093118722;0.0;0.022704238806750397;0.123802859878;1.83009792013
2;11887.701551830956;79.94450109382387;34.618244169114305;34.853626687526805;2174.2058958502075;109.23631061373078;109.23959379438028;4.706142831926732;0.14271284500722967;0.0;0.14394902091065806;0.0;0.023023975648108968;0.122806466703;1.83153401667
3;12365.477434169807;85.85058517876314;37.99573647564832;38.84869462961573;10.804704910429047;108.75833130855551;108.37438087308477;94.16834724134027;0.14834933402837494;0.0;0.40483375277662975;0.0;0.22705385503015896;0.1126;1.911
4;12381.83689493301;86.1441047549258;38.16452671130408;39.076778280641925;9.191363074921563;108.78066167148602;108.35539160244663;99.59065368970506;0.14908519226762615;0.0;0.4253459392086964;0.0;0.24461031321144175;0.1126;1.914
5;12237.440585043518;85.97296330583706;38.480188141928075;39.483242753764;6.913674555954262;108.55428830548959;108.15061286131292;111.0023508775887;0.14876767095332347;0.0;0.4682693358961835;0.0;0.24536791190888135;0.11415;1.911
6;12253.546209774493;86.26952569263662;38.64198388825717;39.715383920137256;5.978253794058832;108.59680880944529;108.13795446924648;114.41017689144877;0.14953518133437538;0.0;0.4814517508278482;0.0;0.26142633259604153;0.11415;1.914
7;12118.12846253667;86.09501430880829;38.93318100092095;40.082560568204535;4.564944968723416;108.36906691865755;107.96921244627413;119.26059817168793;0.14919833326227222;0.0;0.4998295585909179;0.0;0.2369319128114628;0.1157;1.911
8;12134.240952064067;86.39461016343435;39.08789361562924;40.31770740937625;4.004090739393248;108.42746118042416;107.95985942413236;119.6371466419051;0.1499978456670521;0.0;0.5015058365029094;0.0;0.24966574314451226;0.1157;1.914
9;12106.36914050347;85.80005222563958;38.77330426516757;39.834634723633634;5.347278886902691;108.31400849664057;107.97960388186699;117.56931164144504;0.14845199026535474;0.0;0.4931517844985189;0.0;0.22202009608754555;0.1157;1.908
10;12225.519218624104;85.68098788572811;38.31238123128117;39.23895123328572;8.237098963995225;108.51584197312384;108.16611827703562;106.18244961339121;0.1480521116649738;0.0;0.4497942084884663;0.0;0.2272708144901512;0.11415;1.908
11;12353.255098185691;85.56160554865173;37.820149022518784;38.608601832486265;13.148782430322385;108.74203180645016;108.39924180907484;87.43671921616232;0.1476642312927786;0.0;0.3796414143896654;0.0;0.2076665822903319;0.1126;1.908
12;12533.88269482718;82.98623612485943;35.35243542988451;35.31056523941771;1735.9640285937332;109.96356836467696;109.95154587124331;5.268653170123399;0.14330512687109478;0.0;0.1448464659327774;0.0;0.02433680020257415;0.111102031331;1.88003963316
13;11825.9417722052;79.88420657367877;35.09189657729795;35.040392667751306;2131.272742140373;109.0456501332601;109.02789214516271;4.72717736400119;0.14273407179999872;0.0;0.14398109095001754;0.0;0.022704238503940724;0.123802859878;1.83009792013
14;11887.701552230954;79.94450109382387;34.90321357778033;34.85362668592634;2174.20589697638;109.25545418672714;109.2395937991455;4.706142810293697;0.14271284500722956;0.0;0.14394902089934192;0.0;0.02302397592799044;0.122806466703;1.83153401667
15;13168.53157353156;84.44383680077203;34.36708698550178;34.229423475928485;73.39972534138003;111.3505630615175;111.406244725859;29.32849083067349;0.1448658933717989;0.0;0.18641001372485425;0.0;0.12679939171729804;0.1022;1.9045
16;13054.282093904298;84.89321196243381;34.75367848364059;35.13588583272444;59.17166799553542;110.58976996791237;110.5223177443278;45.62123643826373;0.1457368901705144;0.0;0.2335379982931807;0.0;0.07903302489737306;0.104;1.908
17;12915.383497420356;84.71770341199527;35.16362311664398;35.51600576608524;86.9287343511726;110.26198604235668;110.18471513476068;40.34888162472746;0.1455161339801659;0.0;0.21730959774005268;0.0;0.06827348916575916;0.1058;1.9045
18;12908.792558409963;84.4071742480563;35.07597747463828;35.23181731752384;169.48165032326304;110.45004438388192;110.4128405207218;24.620723841608246;0.1449823782796905;0.0;0.1752677115913957;0.0;0.058653319765604575;0.1058;1.901
19;13173.1953082445;84.75197161672769;34.46984257665321;34.51893226088969;64.78677121420074;111.14952739255527;111.12002831679749;32.27972268490769;0.14538338444349433;0.0;0.1944428361775616;0.0;0.109671729891102;0.1022;1.908
20;12930.606478040701;85.03397608759036;35.168903686360395;35.771406670824796;47.558274350880865;110.09916037318978;109.98519408675638;60.95143002914168;0.146108023945647;0.0;0.2842336783310996;0.0;0.08561212949434502;0.1058;1.908
21;13043.517959347324;84.58100029780431;34.72574062882496;34.866705283683984;104.85525629191844;110.80474433085294;110.77402703979368;28.680161025209983;0.14518242129547776;0.0;0.18503719004201694;0.0;0.07828442374763926;0.104;1.9045
22;13040.09271937417;84.2744583621581;34.59885850152339;34.573838074749496;149.81343308517944;111.00577677253708;111.03376150416314;21.07323812136717;0.14468453402062414;0.0;0.1674482496147992;0.0;0.0860745569218163;0.104;1.901
23;13168.936023851084;84.14129758822703;34.195102092341685;33.925238786485785;61.41126366821437;111.5211218998497;111.68026076153856;33.378513041316964;0.144403462175168;0.0;0.19666815262982054;0.0;0.1549944103565321;0.1022;1.901
24;12533.882695017312;82.98623612485943;35.487350169139845;35.31056523865714;1735.9640283935248;109.94342113133891;109.95154587171123;5.268653170216184;0.1433051268710945;0.0;0.14484646593283113;0.0;0.024336800200844614;0.111102031331;1.88003963316
25;11825.94177222848;79.88420657367877;35.18662335109812;35.04039266765861;2131.272743437247;109.03476641096157;109.02789214102494;4.727177366868026;0.14273407179999914;0.0;0.14398109095152398;0.0;0.022704238737926517;0.123802859878;1.83009792013
26;11887.701551903347;79.94450109382387;35.00288471882404;34.85362668723646;2174.205893284924;109.24166316857178;109.23959380210148;4.7061428193377095;0.14271284500722964;0.0;0.14394902090407286;0.0;0.023023975768234173;0.122806466703;1.83153401667
27;12930.60647857954;85.03397608759036;36.11616707568768;35.77140666866938;47.55827460105482;109.92660738390863;109.98519408727341;60.9514298337923;0.1461080239456457;0.0;0.28423367766084345;0.0;0.08561212924120791;0.1058;1.908
28;13173.195308246843;84.75197161672769;34.66909656573982;34.518932260880305;64.78677120337457;111.20519858944785;111.12002831680576;32.279722687608384;0.14538338444349624;0.0;0.19444283618473654;0.0;0.1096717299000377;0.1022;1.908
29;12977.292540930068;85.5897572597753;36.65728397984801;36.14046880953065;22.95927206451211;109.57394172437913;109.73551014238356;97.31852775979971;0.14726428902420186;0.0;0.4161983956053654;0.0;0.12418468540740092;0.1058;1.914
30;13071.748149513727;85.16539625708384;35.65747842001407;35.33822533227833;36.09379670981488;110.33739607401169;110.3299678277523;66.04176052508039;0.14625877071968602;0.0;0.30195339742738103;0.0;0.08486664335974871;0.104;1.911
31;13201.633786377208;85.29345211648611;35.21385015831067;34.94670586990141;29.76881109211483;110.73495427186708;110.65446609766312;63.00140241663526;0.14640447908436374;0.0;0.29144656268894165;0.0;0.1008882371365294;0.1022;1.914
32;13183.41029750706;85.02060169416839;34.94578608784255;34.74672685681747;46.11792044023893;110.96210500530528;110.877696264149;43.682005131001986;0.14587229753518713;0.0;0.2276150444374351;0.0;0.10375899492343968;0.1022;1.911
33;13097.537408266873;85.44185672873247;35.92616419667394;35.51154492572853;23.844414428450328;110.13817292898874;110.16999937094359;88.8821483465577;0.14682515097859214;0.0;0.3846533579331703;0.0;0.0960883008401703;0.104;1.914
34;13054.28209387468;84.89321196243381;35.37752492236854;35.13588583284291;59.171668012364854;110.55382486562144;110.52231774428827;45.62123643245025;0.14573689017051436;0.0;0.2335379982750102;0.0;0.07903302488600858;0.104;1.908
35;12951.029777926111;85.30970076457126;36.395198904582344;35.96545222799797;31.52784766905053;109.73854811933298;109.84579078053913;79.7184213200223;0.14666327804461993;0.0;0.3509851056702399;0.0;0.10452493925704977;0.1058;1.911
36;12533.882694933924;82.98623612485943;35.32273258812808;35.31056523899068;1735.9640279087369;109.97051136176675;109.95154587176451;5.268653168954131;0.14330512687109545;0.0;0.14484646593209755;0.0;0.02433680019664367;0.111102031331;1.88003963316
37;11825.94177318481;79.88420657367877;34.977632595464584;35.04039266383337;2131.2727424356517;109.01785736303259;109.02789214015611;4.7271774063061365;0.14273407179999867;0.0;0.14398109097224074;0.0;0.022704238994874074;0.123802859878;1.83009792013
38;11887.701551188296;79.94450109382387;34.798270406359364;34.853626690096604;2174.2058919225774;109.22647801535057;109.2395938027889;4.706142787274283;0.14271284500723033;0.0;0.14394902088730147;0.0;0.02302397561193681;0.122806466703;1.83153401667
39;12353.255080269104;85.56160554865173;38.135356541290726;38.6086019041406;13.148778374026447;108.39754687314155;108.39924192796668;87.43671242372557;0.14766423129277773;0.0;0.37964138935937664;0.0;0.20766657437572325;0.1126;1.908
40;12505.20418171214;85.72391034547661;37.77523842233197;38.163084860533104;16.493616655231293;108.65348761616484;108.65107024700376;74.75840473303884;0.14793057430487114;0.0;0.3336233811092281;0.0;0.1870534396862988;0.111;1.911
41;12667.794211315242;85.88408327340215;37.342240529218266;37.67286987351625;18.490083538850072;108.95893395060064;108.92628341528886;73.60009818913075;0.1481968466526148;0.0;0.3295965668595182;0.0;0.16347348273590506;0.1094;1.914
42;12365.477434864537;85.85058517876314;38.319433869732215;38.84869462683285;10.804704204702928;108.38922579150714;108.37438091235228;94.16835193828965;0.14834933402837458;0.0;0.4048337702575421;0.0;0.2270538675722205;0.1126;1.911
43;12492.490994293132;85.43803291592434;37.58817993161228;37.92805600721436;20.74197585996227;108.68820923390602;108.69239145996175;67.4998774127817;0.14727657075695672;0.0;0.3075550744122724;0.0;0.16888680315334448;0.111;1.908
44;12381.836894145039;86.1441047549258;38.49612166353524;39.07677828379031;9.191362442497102;108.38859017038747;108.35539163718693;99.59065802453308;0.14908519226762762;0.0;0.4253459554480284;0.0;0.2446103268940637;0.1126;1.914
45;12649.671749489711;85.5968757402;37.171071340314654;37.458147184254365;23.03249509689952;109.0052431851657;108.97582165130787;67.06111594027497;0.1475252498613102;0.0;0.3061352510133766;0.0;0.14946922646398353;0.1094;1.911
46;12635.542783493576;85.31411060880762;36.98990245202295;37.23189132509347;30.337173326552897;109.06745108116974;109.04108653311651;59.170638568917724;0.14690200575516815;0.0;0.2785656672589797;0.0;0.13360588356292213;0.1094;1.908
47;12522.037508197;86.01427902799584;37.953596835820576;38.386123362730416;13.697937115857275;108.63082915837192;108.620123538711;80.86838696608379;0.14863412071127746;0.0;0.355987694212089;0.0;0.20360557974459575;0.111;1.914
48;12533.882695132901;82.98623612485943;35.477310033206855;35.31056523819473;1735.9640281661054;110.000769166621;109.95154587230104;5.268653169962168;0.14330512687109467;0.0;0.14484646593268347;0.0;0.02433680021826997;0.111102031331;1.88003963316
49;11825.941772310449;79.88420657367877;35.19075321793113;35.04039266733029;2131.2727481613456;108.99195204321207;109.02789214545535;4.7271773121429375;0.14273407179999872;0.0;0.14398109092277586;0.0;0.02270423841808764;0.123802859878;1.83009792013
50;11887.70155167077;79.94450109382387;35.000686062328576;34.853626688167246;2174.2058927486332;109.20344533204882;109.2395937973178;4.706142861124036;0.1427128450072299;0.0;0.14394902092593104;0.0;0.02302397605534447;0.122806466703;1.83153401667
51;12481.310386042654;84.78815079762866;37.614451741745526;37.32288000388486;45.841152605911724;108.83703979277911;108.8539561700865;46.18614447743935;0.1459342828953933;0.0;0.23543018952743974;0.0;0.12113209776214875;0.111;1.901
52;12348.119432069763;84.5851495800201;37.99726097700332;37.65267000500589;40.972859325434726;108.55210975465721;108.58264094197858;52.44898085077567;0.14564259078298628;0.0;0.2553939973773254;0.0;0.12902792650318715;0.1126;1.8975
53;12620.85304502599;84.67130371822118;36.90945637006652;36.64781912063404;79.70092842196986;109.28643377478376;109.28136121969195;36.44486247799095;0.14562716598128378;0.0;0.20605562251856605;0.0;0.09027761831816328;0.1094;1.901
54;12495.866392845695;84.16175727800253;36.8735552406571;36.638232227085396;172.9244795064835;109.1835034704521;109.15326271606364;23.040926215445083;0.14483403809823264;0.0;0.17167133464332732;0.0;0.07176109088999258;0.111;1.894
55;12629.914706256144;84.05172966354208;36.208047107045005;35.991960278267385;352.29001691316694;109.70146829909349;109.65901237729099;15.58416474121835;0.14458881465893822;0.0;0.15745407076218515;0.0;0.0487099482908734;0.1094;1.894
56;12342.966563163398;84.90467113054115;38.38038410404463;37.99281163399293;25.355395302145055;108.43312073097162;108.49746430324824;65.94556451925034;0.1462537809702242;0.0;0.3016144034584945;0.0;0.15634020059677414;0.1126;1.901
57;12359.505183761321;84.27148011107799;37.59390903207196;37.29344529695243;75.75129380679299;108.70436974834814;108.70375327030763;38.28047658477783;0.14509102683195807;0.0;0.21094483727958235;0.0;0.10233711653596207;0.1126;1.894
58;12623.188558493335;84.35865356568375;36.56296116376276;36.32580928014876;159.5530332564183;109.48075208665306;109.45595605588514;24.926341416762096;0.1450795050215038;0.0;0.1760375606714266;0.0;0.0679223987081072;0.1094;1.8975
59;12485.90072934482;84.47205942648401;37.250629573692414;36.98841407068992;82.6729784498602;108.99250429520643;108.9845387604347;34.224540511924296;0.14535501678919124;0.0;0.19967270161870335;0.0;0.09593651657852996;0.111;1.8975
60;12533.882695016653;82.98623612485943;35.55833420740097;35.310565238659755;1735.9640283365134;109.96067747134128;109.95154587181628;5.268653170035232;0.1433051268710947;0.0;0.144846465932726;0.0;0.024336800202229725;0.111102031331;1.88003963316
61;11825.941772000602;79.88420657367877;35.280046106510476;35.040392668570234;2131.2727424762693;109.00505652582287;109.02789213988405;4.727177366800662;0.14273407179999908;0.0;0.14398109095148853;0.0;0.022704238730137;0.123802859878;1.83009792013
62;11887.70155210664;79.94450109382387;35.09643833144482;34.85362668642322;2174.2058933375483;109.20412349688853;109.23959380295206;4.7061428197977815;0.14271284500723014;0.0;0.143949020904314;0.0;0.023023975773167712;0.122806466703;1.83153401667
63;12830.79017441837;85.73716295859546;37.07568659166728;36.873926285228535;22.401753294863934;109.32951699981298;109.31659102418689;86.21141821636002;0.14772160963961875;0.0;0.37515358489676576;0.0;0.1442818737075035;0.1076;1.914
64;12714.185437046828;86.47204073085756;38.23950354853896;38.0752691882514;13.332893951094785;109.02623045857555;108.85935068174587;83.16461386519177;0.14969172948264775;0.0;0.3647865981917315;0.0;0.18661369415238;0.1094;1.92
65;13007.946330059905;85.87419794704405;36.425641576598046;36.30230300647282;18.01209675944304;109.61292804205395;109.64970625373451;112.62848230359349;0.14791257037901218;0.0;0.4741739439272098;0.0;0.14251394602603487;0.1058;1.917
66;12883.687424571499;86.31781469571048;37.459241981266615;37.2429997423513;15.415192506228129;109.26120160739808;109.2104462690221;101.51122953035795;0.1491412685074739;0.0;0.4325686000996928;0.0;0.16801055016455785;0.1076;1.92
67;12667.794200057706;85.88408327340215;37.85956446638893;37.672869918548955;18.490082007788654;109.04160125190843;108.92628339000063;73.60010457132931;0.14819684665260704;0.0;0.3295965896622011;0.0;0.16347349725747518;0.1094;1.914
68;12689.421377920236;86.17578687896257;38.052688337007645;37.87806863417739;15.465362402041006;109.030515965845;108.88844657664343;78.90784755925135;0.1489184343165321;0.0;0.3489983881014975;0.0;0.1757840937219893;0.1094;1.917
69;13041.697460452857;86.16307565669578;36.596895225634334;36.4561829615331;14.92036215167298;109.55476742873795;109.58270644810145;125.38162734873724;0.14860970652910935;0.0;0.5230809543056887;0.0;0.15866323770485527;0.1058;1.92
70;12977.292540925364;85.5897572597753;36.25524730887558;36.140468809549475;22.95927206100788;109.6923360109677;109.73551014221852;97.31852776761124;0.1472642890242025;0.0;0.4161983956345905;0.0;0.12418468542588187;0.1058;1.914
71;12855.880029807617;86.02524196399683;37.2696849032964;37.06165187993022;18.228959615918605;109.28886842371156;109.25707758557323;94.7500217551346;0.14840630682274653;0.0;0.4070202674546891;0.0;0.15734284812711755;0.1076;1.917
72;12533.88269501728;82.98623612485943;35.39491842703124;35.31056523865726;1735.9640283935898;109.95630924800304;109.951545871711;5.268653170216139;0.14330512687109564;0.0;0.14484646593283226;0.0;0.02433680020082181;0.111102031331;1.88003963316
73;11825.941772228503;79.88420657367877;35.16033653254549;35.04039266765851;2131.272743437181;108.99643145894841;109.02789214102512;4.727177366856867;0.14273407179999828;0.0;0.14398109095151726;0.0;0.022704238737850872;0.123802859878;1.83009792013
74;11887.70155190338;79.94450109382387;34.97132114605889;34.853626687236336;2174.2058932848267;109.20721004280314;109.23959380210172;4.7061428193430475;0.14271284500723005;0.0;0.143949020904076;0.0;0.023023975768249844;0.122806466703;1.83153401667
75;13177.212165285502;83.5526942159428;33.4957830848291;33.303483415913576;25.294469396527766;112.48108705664076;112.14988997248423;45.51861905251156;0.1436361800904337;0.0;0.23191047311038746;0.0;0.20294603786896234;0.1022;1.894
76;13168.936023854392;84.14129758822703;34.04644679797428;33.92523878647255;61.411263673835;112.0130486962302;111.68026076150105;33.378513039725426;0.1444034621751674;0.0;0.19666815262549825;0.0;0.15499441035306374;0.1022;1.901
77;12910.672535005242;83.80302652855083;34.730903368492406;34.620102348297145;369.4126518693812;111.03571016563193;110.88158646253176;13.082955071445964;0.14408106657722114;0.0;0.15329048634130546;0.0;0.06439506325641448;0.1058;1.894
78;13040.092719377979;84.2744583621581;34.703322621716794;34.57383807473425;149.81343308865337;111.22150162333834;111.03376150417698;21.073238121101745;0.14468453402062698;0.0;0.1674482496142672;0.0;0.08607455692028203;0.104;1.901
79;12908.156870675866;84.1023086293403;35.06141908568839;34.929470469751344;291.64689186862887;110.75483887855928;110.65026619279192;15.78320825135946;0.1445046787093353;0.0;0.15769387053914574;0.0;0.057251468579903875;0.1058;1.8975
80;13040.967071037256;83.97350719910976;34.38200805487703;34.269364118813755;152.35209958628042;111.53420761030323;111.28511036593993;20.903151704893904;0.14424122912457768;0.0;0.16672312470414008;0.0;0.10505243696232733;0.104;1.8975
81;12908.792558409648;84.4071742480563;35.40993686091802;35.23181731752511;169.48165036730057;110.4622427655602;110.41284052053007;24.620723838393307;0.1449823782796911;0.0;0.17526771158417032;0.0;0.0586533197598872;0.1058;1.901
82;13172.47046769077;83.84427607243259;33.76547830657401;33.61405410464981;41.30062344182435;112.28007893250007;111.931653660444;39.85026538773028;0.14399416657119102;0.0;0.21480926137862805;0.0;0.18361980871592576;0.1022;1.8975
83;13044.498909642612;83.67806776686051;34.08045972671142;33.959773501002346;115.43151356218216;111.80851358636791;111.52106225446435;24.316013030572694;0.14385060880151135;0.0;0.1736470375891245;0.0;0.131226655891235;0.104;1.894
84;12533.882695043947;82.98623612485943;35.12438279992084;35.310565238550595;1735.964028012673;110.00820368386948;109.9515458716872;5.268653169971187;0.14330512687109534;0.0;0.14484646593268938;0.0;0.024336800193198286;0.111102031331;1.88003963316
85;11825.9417736102;79.88420657367877;34.83997663880514;35.04039266213173;2131.2727422299645;109.04284932689869;109.02789214097444;4.727177406637084;0.1427340718000008;0.0;0.14398109097241674;0.0;0.02270423885558131;0.123802859878;1.83009792013
86;11887.701550589592;79.94450109382387;34.64715275961086;34.85362669249148;2174.205892639062;109.26039866659798;109.23959380218166;4.706142772231575;0.14271284500722978;0.0;0.14394902087943226;0.0;0.02302397557082177;0.122806466703;1.83153401667
87;12353.25508006702;85.56160554865173;37.96009591564568;38.60860190495898;13.148778901595984;108.5756952707075;108.399241828406;87.436732674544;0.1476642312927786;0.0;0.3796414639841181;0.0;0.20766661571243347;0.1126;1.908
88;12481.31041166999;84.78815079762866;36.89280703251307;37.322879901364495;45.841166837787284;108.94092586382509;108.85395627927322;46.18615161261947;0.14593428289539326;0.0;0.23543021192364794;0.0;0.12113211912775315;0.111;1.901
89;12492.490981039742;85.43803291592434;37.35217083825341;37.9280560602332;20.741974676441227;108.83410918599836;108.69239140765335;67.4998804797129;0.14727657075695758;0.0;0.3075550851819853;0.0;0.16888680935720385;0.111;1.908
90;12624.82858058903;84.98976206331699;36.49107676615544;36.95038923367329;46.02837366724358;109.2257272377716;109.14363651069037;48.3451972065871;0.14623391933769528;0.0;0.2424468782677261;0.0;0.11280234385114747;0.1094;1.9045
91;12483.486430726982;85.11011435898773;37.12952688783772;37.6361489564312;29.20274640145237;108.87299079604738;108.75920444161123;57.53435461594068;0.14657402811790327;0.0;0.2728501004447008;0.0;0.1457869589371063;0.111;1.9045
92;12344.747572513037;85.23012852890344;37.724628672516324;38.31115087174753;17.51524000465735;108.58446232663448;108.43927825503359;77.72370023834073;0.14692686257947934;0.0;0.3438649161349813;0.0;0.18289713912900232;0.1126;1.9045
93;12635.54277964009;85.31411060880762;36.68696698970531;37.23189134050309;30.33717526735646;109.14820051263806;109.04108657595413;59.170635393147506;0.1469020057551702;0.0;0.2785656564658432;0.0;0.13360588309129298;0.1094;1.908
94;12342.966551284238;84.90467113054115;37.47854548409564;37.99281168150873;25.355393312694783;108.61281847324342;108.49746431158079;65.94557066907863;0.14625378097022335;0.0;0.3016144249722627;0.0;0.15634021556036487;0.1126;1.901
95;12620.853052481409;84.67130371822118;36.27423293993057;36.6478190908094;79.70093418684158;109.34359642125223;109.28136124894613;36.444866303039156;0.14562716598128272;0.0;0.206055633343088;0.0;0.0902776201786952;0.1094;1.901
96;12533.882695229982;82.98623612485943;35.12220603288648;35.31056523780636;1735.964028427496;109.96663949526415;109.95154587268244;5.268653173103316;0.1433051268710947;0.0;0.1448464659345116;0.0;0.02433680020487392;0.111102031331;1.88003963316
97;11825.941771529902;79.88420657367877;34.8371916715104;35.04039267045361;2131.272737335668;109.0229572012386;109.02789213404257;4.727177394330821;0.14273407179999856;0.0;0.1439810909659499;0.0;0.02270423896140413;0.123802859878;1.83009792013
98;11887.701552197392;79.94450109382387;34.647875821387316;34.85362668605982;2174.205894580722;109.2393729472678;109.23959380682017;4.706142802464664;0.1427128450072298;0.0;0.1439490208952469;0.0;0.023023975567760688;0.122806466703;1.83153401667
99;12522.037504500284;86.01427902799584;38.158759094856244;38.38612337751886;13.69793672934905;108.81957563201931;108.620123523138;80.86838696575059;0.14863412071127888;0.0;0.3559876942108785;0.0;0.20360558576119125;0.111;1.914
100;12566.510555413908;86.60870769292721;38.566978320069545;38.80266401184047;10.339269148702396;108.79600967583687;108.57880624850416;90.09889632320099;0.15019670572610436;0.0;0.39044081351539023;0.0;0.23199670608500336;0.111;1.92
101;12401.98958369219;86.44221909065433;38.89790720300357;39.29428335383193;8.033571365178004;108.66994657388685;108.34061439255088;103.88957175514709;0.14987355974025793;0.0;0.4417587288466093;0.0;0.260354573729054;0.1126;1.917
102;12689.421335028734;86.17578687896257;37.75693582761457;37.8780688057498;15.46535739559356;108.99557287211937;108.88844651348421;78.9078453298566;0.14891843431652854;0.0;0.3489983800365078;0.0;0.17578407093768125;0.1094;1.917
103;12381.836894326474;86.1441047549258;38.69612573723453;39.076778283064634;9.191362419263552;108.67011817681862;108.3553916366386;99.59065818980801;0.1490851922676256;0.0;0.4253459560671883;0.0;0.24461032711127784;0.1126;1.914
104;12425.653065480124;86.74498356698383;39.09293912666632;39.50239507128597;7.174919288840879;108.67108220109999;108.32904730060112;107.24964941291809;0.15071627944632845;0.0;0.4547034137162603;0.0;0.274379875680248;0.1126;1.92
105;12714.185441330766;86.47204073085756;37.96009092877954;38.07526917111978;13.332892373776154;108.97175398286119;108.85935064090195;83.16461973711282;0.1496917294826471;0.0;0.364786619610766;0.0;0.18661369923458296;0.1094;1.92
106;12542.580777018742;86.30919323301909;38.36647277248681;38.598866860539715;11.753410992995136;108.8061287334544;108.59667727154202;85.93871043882223;0.14938890488332127;0.0;0.3748125353023052;0.0;0.21856309818746156;0.111;1.917
107;12667.79420098076;85.88408327340215;37.547217989964686;37.672869914857685;18.490082215815125;109.0253304670812;108.92628338041641;73.60010410974326;0.14819684665261532;0.0;0.3295965880130236;0.0;0.1634734964163466;0.1094;1.914
108;12533.88269508494;82.98623612485943;35.288900504581825;35.31056523838663;1735.9640282559594;109.97938378500072;109.95154587183224;5.2686531723413985;0.14330512687109526;0.0;0.1448464659340687;0.0;0.02433680021053297;0.111102031331;1.88003963316
109;11825.941773298513;79.88420657367877;35.02548233633877;35.04039266337815;2131.272746566029;109.04236872513573;109.02789214417193;4.727177356078162;0.14273407179999856;0.0;0.14398109094585534;0.0;0.022704238875460282;0.123802859878;1.83009792013
110;11887.701550874684;79.94450109382387;34.84016906435261;34.85362669135142;2174.2058956443693;109.26008803869158;109.23959379914568;4.7061428179581215;0.1427128450072297;0.0;0.1439490209033512;0.0;0.023023975640698708;0.122806466703;1.83153401667
111;12381.836891964742;86.1441047549258;39.57177151025271;39.07677829250672;9.191361626362204;108.0636909109688;108.35539168454486;99.59066476876762;0.1490851922676272;0.0;0.4253459807135893;0.0;0.24461034667247014;0.1126;1.914
112;12401.989568240342;86.44221909065433;39.79454914863843;39.294283415649964;8.033572052202206;108.04059192821778;108.3406142871058;103.8895605312145;0.14987355974025654;0.0;0.441758686613617;0.0;0.2603545426734345;0.1126;1.917
113;12253.546199138354;86.26952569263662;40.15583753324199;39.71538396267425;5.978252607747675;107.88653247874932;108.13795454406383;114.41018858659992;0.14953518133437532;0.0;0.4814517952948362;0.0;0.2614263817996679;0.11415;1.914
114;12178.398234628823;87.00792765680397;41.11293479977461;40.754397385038;3.2801885310009684;107.73429377682913;107.94389357097084;117.99538519217435;0.15176397328798605;0.0;0.4957810798680437;0.0;0.2694403800844857;0.1157;1.92
115;12154.423628000703;86.69889578886897;40.908891722016314;40.54126318438479;3.5910515725575296;107.74472940078422;107.95141070640913;119.10589230429872;0.15085240180070794;0.0;0.4997357953223307;0.0;0.26040709939590184;0.1157;1.917
116;12297.182063488899;86.87663339970491;40.58209619873272;40.147950164529206;4.784068424662217;107.85615525503457;108.1186259415538;118.15277171998815;0.15123340318610828;0.0;0.4962184826527799;0.0;0.2878320228237861;0.11415;1.92
117;12134.240960873933;86.39461016343435;40.695641308421685;40.3177073741246;4.004091592533315;107.7571221665769;107.95985954473184;119.63712682972378;0.14999784566705066;0.0;0.5015057608819243;0.0;0.2496657702543185;0.1157;1.914
118;12425.653067319035;86.74498356698383;40.00611703722081;39.5023950639306;7.174919593002305;108.02236126149492;108.3290472978453;107.24964640794292;0.1507162794463275;0.0;0.4547034023758557;0.0;0.2743798684503863;0.1126;1.92
119;12273.546602810278;86.57073039400255;40.373945840385055;39.936588114139845;5.295408885428231;107.86984947017643;108.12741209510051;116.70519883248213;0.15035645703668613;0.0;0.4904372741742627;0.0;0.2755232459944636;0.11415;1.917
120;12533.882695021775;82.98623612485943;35.4833382096001;35.310565238639285;1735.9640284158445;109.93166529324236;109.95154587172041;5.268653170205654;0.14330512687109473;0.0;0.1448464659328252;0.0;0.02433680020059029;0.111102031331;1.88003963316
121;11825.941772104643;79.88420657367877;35.22586270877353;35.040392668153984;2131.272743223105;109.03226325722395;109.02789214060509;4.727177365086237;0.1427340718000026;0.0;0.14398109095059142;0.0;0.02270423873646519;0.123802859878;1.83009792013
122;11887.701552007236;79.94450109382387;35.03823145691205;34.85362668682089;2174.205893115531;109.23790795414759;109.23959380245816;4.706142821293613;0.14271284500722956;0.0;0.14394902090509587;0.0;0.02302397576831344;0.122806466703;1.83153401667
123;12638.36860845838;83.75045078160406;35.85818550763902;35.656844016913155;737.8971997986113;109.8452289897716;109.87456294430416;9.563155633472046;0.1441530789786703;0.0;0.1491421245747475;0.0;0.03558660213380268;0.1094;1.8905
124;12629.914699484108;84.05172966354208;36.20297980829107;35.99196030535133;352.2900030475868;109.63885769852665;109.65901241895092;15.58416443919976;0.14458881465893844;0.0;0.15745407028390418;0.0;0.04870994421582902;0.1094;1.894
125;12646.741233056038;83.4547374443225;35.52295784179274;35.32761851695783;1207.6256581523958;110.05104471380751;110.08906079720859;6.716966482631508;0.14377037918339475;0.0;0.14625937289297794;0.0;0.029453310593539693;0.1094;1.887
126;12921.209013306436;83.22089777220464;34.236879274390176;33.995784236540864;243.25907207084305;111.11875027737592;111.31170730731077;16.145962284857287;0.1433886963829689;0.0;0.1572621757368293;0.0;0.0977191154332782;0.1058;1.887
127;12773.58138595757;83.92757791706156;35.533568848127715;35.29308102382996;513.3065804247519;110.20088511385931;110.26088516143379;11.968372638199751;0.14432723516263354;0.0;0.15205992872867982;0.0;0.04150406697202876;0.1076;1.894
128;12910.672535047446;83.80302652855083;34.872599498452054;34.62010234812832;369.4126519403482;110.76833405228224;110.88158646265488;13.082955069879596;0.14408106657721725;0.0;0.15329048633916278;0.0;0.064395063246423;0.1058;1.894
129;12778.776099107017;83.63004258014969;35.197704046156076;34.97474467792708;763.7876052091118;110.40615206875331;110.48025539147957;8.775525210267325;0.14392383902210426;0.0;0.14814259663865795;0.0;0.04025082705319142;0.1076;1.8905
130;12915.04496701362;83.50924875983941;34.54981801076477;34.30881261505705;340.0078192144486;110.95352365191887;111.1017497809803;13.869996230840506;0.1437096676928874;0.0;0.1540470622214801;0.0;0.07894260295227197;0.1058;1.8905
131;12784.884891676023;83.33800354205141;34.87402476718381;34.65824905905743;829.4257910195274;110.59843819446199;110.69224049388893;8.323181804017791;0.14357216389243505;0.0;0.1473817219019109;0.0;0.04486388964866361;0.1076;1.887
132;12533.882695023309;82.98623612485943;35.31299672329289;35.31056523863315;1735.964028463771;109.95069611881905;109.95154587167306;5.268653170275825;0.1433051268710954;0.0;0.1448464659328667;0.0;0.024336800201078986;0.111102031331;1.88003963316
133;11825.941772011309;79.88420657367877;35.01323784849461;35.040392668527424;2131.2727426215883;109.02162680250028;109.02789213985609;4.727177369610837;0.1427340717999989;0.0;0.14398109095296455;0.0;0.02270423875595877;0.123802859878;1.83009792013
134;11887.701552081868;79.94450109382387;34.827974061620175;34.85362668652228;2174.2058931151323;109.23273994920301;109.23959380318922;4.70614281780912;0.1427128450072295;0.0;0.1439490209032731;0.0;0.0230239757535966;0.122806466703;1.83153401667
135;12908.792559781421;84.4071742480563;35.315175089910625;35.2318173120377;169.48165103275934;110.47121349985625;110.41284052378649;24.62072380644984;0.1449823782796856;0.0;0.17526771151236964;0.0;0.058653319680760124;0.1058;1.901
136;12620.853042700794;84.67130371822118;36.82514082434213;36.647819129932216;79.70092771605576;109.19854438226879;109.28136124540524;36.44486300733517;0.14562716598128295;0.0;0.20605562401655925;0.0;0.09027762032705862;0.1094;1.901
137;12908.156870767305;84.1023086293403;34.96878350916427;34.92947046938562;291.64689223479337;110.7222401997503;110.65026619247999;15.783208239852257;0.1445046787093377;0.0;0.15769387052072026;0.0;0.057251468546090936;0.1058;1.8975
138;12773.58138595832;83.92757791706156;35.318174189904475;35.293081023826964;513.3065804229338;110.29267634697493;110.26088516143193;11.968372638221906;0.14432723516263438;0.0;0.15205992872870847;0.0;0.04150406697212773;0.1076;1.894
139;12910.672535006328;83.80302652855083;34.65085185538232;34.6201023482928;369.41265186831146;110.94384166685323;110.88158646253227;13.082955071458962;0.14408106657722014;0.0;0.15329048634132222;0.0;0.06439506325649208;0.1058;1.894
140;12770.026991349469;84.23068807681746;35.684158172388905;35.61043127973689;265.2335533390396;110.04297887799076;110.03793745265385;19.572165481148282;0.144784202523695;0.0;0.1645952001484516;0.0;0.050039955752034855;0.1076;1.8975
141;12623.188548595226;84.35865356568375;36.44189038036406;36.32580931974236;159.55303644378358;109.39983145149378;109.45595604423387;24.92634111166809;0.14507950502150774;0.0;0.17603755998022494;0.0;0.0679224023239731;0.1094;1.8975
142;12770.382545703354;84.53945326313296;36.07293906384928;35.91779572048101;127.60440295462877;109.78392266077152;109.82534493590704;31.891460940169317;0.14529668557534706;0.0;0.1933498677998854;0.0;0.06618008592950922;0.1076;1.901
143;12629.914699484443;84.05172966354208;36.05241318918729;35.991960305349984;352.29000304691726;109.63375655124241;109.65901241894709;15.584164439218291;0.14458881465893655;0.0;0.1574540702839318;0.0;0.04870994421582845;0.1094;1.894
144;12533.882695090493;82.98623612485943;35.17184425267766;35.31056523836434;1735.96402801235;109.94444922397983;109.9515458725038;5.2686531690547715;0.14330512687109495;0.0;0.14484646593215564;0.0;0.024336800207552904;0.111102031331;1.88003963316
145;11825.941770731646;79.88420657367877;34.85768101254079;35.040392673646345;2131.2727434581534;108.9964197933201;109.02789213700804;4.727177339105693;0.14273407179999895;0.0;0.14398109093693992;0.0;0.022704238686053757;0.123802859878;1.83009792013
146;11887.701553098741;79.94450109382387;34.667731659325206;34.85362668245466;2174.205890583648;109.21344674111045;109.23959380446921;4.706142868328678;0.14271284500722978;0.0;0.14394902092969966;0.0;0.02302397590302257;0.122806466703;1.83153401667
147;12391.814329052604;83.66136747268062;36.47847447211668;36.55406031195733;369.01344195735663;109.012921108342;109.05786646410465;15.1599925367688;0.1441582850479778;0.0;0.15639314933742968;0.0;0.05624197038517089;0.1126;1.887
148;12375.092833894649;83.96357979267265;36.88240352341047;36.92317814052113;160.62868661769943;108.81177876183384;108.86452052397516;25.220616079110734;0.14459693962658288;0.0;0.1763109373164246;0.0;0.07762286019723484;0.1126;1.8905
149;12359.505187179568;84.27148011107799;37.29112938052586;37.29344528327128;75.75129944660169;108.64297468410679;108.7037533509763;38.28047879809392;0.14509102683195754;0.0;0.21094484370604286;0.0;0.10233712243604412;0.1126;1.894
150;12629.914698433418;84.05172966354208;35.87640499666606;35.991960309554294;352.28995096507555;109.6562266496973;109.65901241687807;15.584164722817938;0.14458881465893395;0.0;0.15745407073304207;0.0;0.04870994353140344;0.1094;1.894
151;12520.924232165891;83.55819427470524;35.822003577093525;35.93439631296502;858.5392744914336;109.54262484265128;109.56468392738488;8.650675778401467;0.14395871713897165;0.0;0.14805897242614444;0.0;0.03544914053430112;0.111;1.887
152;12495.866401210014;84.16175727800253;36.571611486750356;36.63823219362821;172.92452267680977;109.10784798791184;109.1532627153748;23.0409239131715;0.14483403809823264;0.0;0.17167132969932067;0.0;0.07176109139232101;0.111;1.894
153;12508.487911452317;83.85716234411422;36.190427410085455;36.28313114469713;397.54387957864617;109.31916630841718;109.35201591892462;14.217575815152214;0.1443692651794933;0.0;0.15516673660207045;0.0;0.05079105106051686;0.111;1.8905
154;12646.741235903333;83.4547374443225;35.19841217818401;35.32761850556825;1207.6256607792932;110.10809617078505;110.08906080123407;6.7169664145601535;0.14377037918339491;0.0;0.14625937284295926;0.0;0.029453310282090705;0.1094;1.887
155;12638.368612281629;83.75045078160406;35.53218384500491;35.65684400161942;737.8972393910417;109.88596205030508;109.87456295164783;9.563155512528716;0.14415307897866686;0.0;0.14914212445066385;0.0;0.03558660190900122;0.1094;1.8905
156;12533.882695015946;82.98623612485943;35.25225854966777;35.31056523866261;1735.9640283963413;109.93979977734422;109.95154587170671;5.268653170233963;0.14330512687109614;0.0;0.1448464659328431;0.0;0.0243368002008737;0.111102031331;1.88003963316
157;11825.94177215924;79.88420657367877;35.00831609879281;35.0403926679356;2131.2727432870747;109.02363416292349;109.02789214068598;4.727177368455012;0.14273407179999947;0.0;0.14398109095235795;0.0;0.022704238744353115;0.123802859878;1.83009792013
158;11887.701551965816;79.94450109382387;34.8242031946328;34.85362668698657;2174.2058929774553;109.22776630601257;109.23959380240723;4.70614281778518;0.14271284500722992;0.0;0.14394902090326098;0.0;0.02302397576142306;0.122806466703;1.83153401667
159;13041.697460465752;86.16307565669578;36.3578117519595;36.456182961481524;14.92036215368043;109.54160748122456;109.5827064480967;125.38162733894863;0.14860970652911426;0.0;0.5230809542681492;0.0;0.15866323769457896;0.1058;1.92
160;13097.537408291406;85.44185672873247;35.3133060796958;35.51154492563041;23.844414435806797;110.25191223302515;110.16999937078012;88.8821483311273;0.14682515097859195;0.0;0.384653357876122;0.0;0.0960883008300904;0.104;1.914
161;13169.374718801368;86.00781357609642;35.611446409444646;35.79017497253609;13.53994959800515;109.9567520355224;109.9478054937081;131.1439941184108;0.14809729259303234;0.0;0.5450805108714236;0.0;0.1272535918755148;0.104;1.92
162;13265.565981311936;85.85201864298683;35.0086827172673;35.249577983380426;14.091837066062846;110.4266279875254;110.31420157094485;112.64223968304968;0.1476042964719451;0.0;0.474130166752604;0.0;0.10610995875320854;0.1022;1.92
163;12977.292540966007;85.5897572597753;36.01937423663769;36.140468809386896;22.959272072302586;109.73823179552258;109.73551014227259;97.31852774038;0.14726428902420205;0.0;0.4161983955327119;0.0;0.12418468539248792;0.1058;1.914
164;13229.149473801785;85.57057392432637;34.86100628547608;35.113784104654954;19.69862153530497;110.60016120358722;110.46459865623802;87.24436768208233;0.14698132529065394;0.0;0.37866711656033597;0.0;0.10096104411802938;0.1022;1.917
165;13130.68305314884;85.72264510076101;35.474742758362716;35.65976342752961;17.282557378665107;110.09091790190752;110.04416471329391;111.20660995882841;0.14743748447477373;0.0;0.4686239148089486;0.0;0.11116287057447992;0.104;1.917
166;13201.633786389131;85.29345211648611;34.67796664812759;34.94670586985374;29.76881109800616;110.78161411651331;110.65446609750988;63.00140240999846;0.14640447908436552;0.0;0.2914465626659879;0.0;0.10088823712298947;0.1022;1.914
167;13007.946330081697;85.87419794704405;36.19450641472932;36.30230300638566;18.012096765040948;109.62737685068359;109.6497062537092;112.62848228402945;0.1479125703790061;0.0;0.4741739438528567;0.0;0.14251394600575212;0.1058;1.917
168;12533.882695017355;82.98623612485943;35.35163764008114;35.31056523865696;1735.9640283967208;109.96696347473123;109.95154587171149;5.2686531702120405;0.14330512687109764;0.0;0.1448464659328318;0.0;0.024336800200802988;0.111102031331;1.88003963316
169;11825.941772179542;79.88420657367877;35.10146018150062;35.04039266785445;2131.2727433176424;109.03568300080309;109.02789214018884;4.727177362168682;0.14273407179999648;0.0;0.1439810909490527;0.0;0.02270423874899871;0.123802859878;1.83009792013
170;11887.70155194092;79.94450109382387;34.913362682205914;34.85362668708611;2174.2058930937874;109.24510664603764;109.23959380283873;4.706142822961325;0.14271284500723022;0.0;0.1439490209059689;0.0;0.023023975755149598;0.122806466703;1.83153401667
171;13044.498909634249;83.67806776686051;33.91348402403362;33.959773501035805;115.43151356699968;111.51337545165993;111.521062254436;24.316013030335604;0.1438506088015031;0.0;0.17364703758858646;0.0;0.1312266558907092;0.104;1.894
172;13177.21216528493;83.5526942159428;33.16675243696483;33.30348341591586;25.294469396572943;112.08382135756688;112.1498899724788;45.51861905252564;0.14363618009043416;0.0;0.23191047311043195;0.0;0.2029460378697862;0.1022;1.894
173;13182.434125561354;82.98554228233431;32.700365524295094;32.715413072422265;11.288076282403564;112.29958290070907;112.45255115461212;46.539564327919734;0.1430672522515966;0.0;0.23478316776199698;0.0;0.20583936629404515;0.1022;1.887
174;13049.814806833147;83.38806188156585;33.594721718253105;33.648482180543645;73.32646907627333;111.69972746484957;111.73736326340371;28.555107623584647;0.1435108682848498;0.0;0.1834166740256652;0.0;0.15731472743164585;0.104;1.8905
175;12921.209013305595;83.22089777220464;33.992345556399385;33.99578423654422;243.25907207110316;111.30106096563496;111.31170730731115;16.145962284905195;0.14338869638296814;0.0;0.15726217573690734;0.0;0.09771911543313476;0.1058;1.887
176;13181.007857271177;83.26647480511869;32.903375380029864;33.00206359326947;15.970902453573025;112.21316464013195;112.32458182694187;47.943992281394756;0.14332776230134125;0.0;0.23941777341912795;0.0;0.20970663217559984;0.1022;1.8905
177;13055.882718093213;83.103412950871;33.3193746913533;33.339542397215645;45.35566395385968;111.85070920912442;111.92753745042583;31.8433891461147;0.14322028418008667;0.0;0.1916665673402092;0.0;0.1766653587529163;0.104;1.887
178;12915.044967013597;83.50924875983941;34.309940830322425;34.30881261505714;340.007819214831;111.1097491469074;111.10174978098257;13.869996230836994;0.14370966769288918;0.0;0.1540470622214767;0.0;0.07894260295212324;0.1058;1.8905
179;12910.672535850908;83.80302652855083;34.649448600479744;34.62010234491409;369.41265256758913;110.90044968060549;110.88158646650686;13.082955059511153;0.14408106657721922;0.0;0.15329048632500594;0.0;0.06439506309567453;0.1058;1.894
180;12533.882695010574;82.98623612485943;35.320100237116755;35.310565238684156;1735.9640286234937;109.9713722612345;109.95154587112472;5.268653166536062;0.14330512687109484;0.0;0.14484646593068967;0.0;0.02433680019210057;0.111102031331;1.88003963316
181;11825.941772276145;79.88420657367877;35.053418022660665;35.040392667468076;2131.2727438319184;109.06374189415264;109.02789213952772;4.7271773603743386;0.14273407180000153;0.0;0.14398109094811512;0.0;0.022704238785361045;0.123802859878;1.83009792013
182;11887.701551871567;79.94450109382387;34.861480510806366;34.85362668736337;2174.205891257565;109.27684904690142;109.23959380429271;4.706142824816253;0.14271284500722975;0.0;0.1439490209069387;0.0;0.02302397579477945;0.122806466703;1.83153401667
183;12777.152018384299;84.85395446864722;36.099420943089115;36.20523774290525;67.06509081314373;109.75883613376091;109.64012083922265;47.33910249216231;0.14586672846943344;0.0;0.23902500402445997;0.0;0.0876125859847159;0.1076;1.9045
184;12770.382545686793;84.53945326313296;35.831298369252586;35.917795720547254;127.6044029756321;109.92226799485424;109.82534493588658;31.89146093769282;0.14529668557534908;0.0;0.1933498677933513;0.0;0.06618008592394134;0.1076;1.901
185;12930.606478040227;85.03397608759036;35.72021852764224;35.771406670826686;47.55827435105371;110.09153046572978;109.98519408675257;60.95143002905138;0.14610802394564384;0.0;0.28423367833078816;0.0;0.08561212949424908;0.1058;1.908
186;12635.542780258827;85.31411060880762;37.013135187079776;37.23189133802794;30.33717507178637;109.15872965107128;109.04108657795128;59.170635616875714;0.14690200575517004;0.0;0.2785656572262033;0.0;0.13360588360398484;0.1094;1.908
187;12791.365558308553;85.1742726821152;36.34431826242084;36.468716786560115;40.47734896830679;109.62606397352793;109.49170614719992;63.289879888042;0.146496488450363;0.0;0.2924909632665498;0.0;0.11044032908649642;0.1076;1.908
188;12620.853042698645;84.67130371822118;36.49708091563149;36.64781912994084;79.70092770931242;109.38229863753952;109.2813612451652;36.44486300885315;0.1456271659812774;0.0;0.20605562402085106;0.0;0.0902776203233302;0.1094;1.901
189;12915.383497421015;84.71770341199527;35.46042943739079;35.51600576608259;86.9287343399674;110.26475671808358;110.18471513487907;40.348881627318285;0.1455161339801657;0.0;0.21730959774774933;0.0;0.06827348916952287;0.1058;1.9045
190;12624.82858589262;84.98976206331699;36.76503089579994;36.950389212458944;46.028372656764915;109.25344250756932;109.14363651059328;48.34519345431518;0.1462339193376907;0.0;0.2424468662961558;0.0;0.11280233457813554;0.1094;1.9045
191;12908.792558410647;84.4071742480563;35.18133635044945;35.231817317521134;169.4816503751056;110.45792623886135;110.41284052049005;24.62072383782009;0.14498237827969018;0.0;0.17526771158288115;0.0;0.058653319758870726;0.1058;1.901
192;12533.882695017344;82.98623612485943;35.247428451446574;35.310565238657006;1735.9640283945246;109.98361699279707;109.95154587171005;5.268653170217434;0.1433051268710954;0.0;0.14484646593283276;0.0;0.02433680020078873;0.111102031331;1.88003963316
193;11825.941772228469;79.88420657367877;34.998094125716605;35.04039266765864;2131.27274343996;109.047452968801;109.02789214102741;4.72717736684715;0.1427340717999985;0.0;0.14398109095151235;0.0;0.02270423873788174;0.123802859878;1.83009792013
194;11887.701551903328;79.94450109382387;34.810945600916874;34.853626687236556;2174.2058932841733;109.25710505827236;109.23959380210108;4.706142819370274;0.14271284500722994;0.0;0.14394902090409015;0.0;0.023023975767772462;0.122806466703;1.83153401667
195;12635.542780258704;85.31411060880762;36.703988696653205;37.23189133802843;30.337175071731206;109.18387059738876;109.04108657795187;59.17063561692543;0.14690200575516732;0.0;0.27856565722637083;0.0;0.1336058836041257;0.1094;1.908
196;12791.365558307372;85.1742726821152;35.958855221382066;36.46871678656485;40.477348968012315;109.62710204718874;109.4917061471949;63.289879888307546;0.1464964884503616;0.0;0.29249096326746843;0.0;0.11044032908692317;0.1076;1.908
197;12951.029777926164;85.30970076457126;35.40116557786275;35.96545222799776;31.52784766905053;109.98348585058632;109.84579078053943;79.71842132001845;0.1466632780446178;0.0;0.35098510567022506;0.0;0.10452493925703596;0.1058;1.911
198;12977.292540930068;85.5897572597753;35.46197274014005;36.14046880953065;22.95927206451211;109.8930343835668;109.73551014238352;97.3185277597998;0.14726428902420166;0.0;0.41619839560536576;0.0;0.12418468540739913;0.1058;1.914
199;12930.606478040609;85.03397608759036;35.33221242155626;35.77140667082517;47.55827435096721;110.10255641867629;109.98519408675482;60.95143002909115;0.14610802394564645;0.0;0.28423367833092594;0.0;0.08561212949430419;0.1058;1.908
200;12667.794200058235;85.88408327340215;37.02052955041379;37.67286991854681;18.49008200785592;109.11851712323794;108.92628339000684;73.60010457121703;0.14819684665261548;0.0;0.3295965896618037;0.0;0.16347349725738414;0.1094;1.914
201;12830.790174419852;85.73716295859546;36.193388744811905;36.8739262852226;22.40175329571952;109.4929276824413;109.316591024219;86.21141821465595;0.1477216096396193;0.0;0.3751535848905005;0.0;0.14428187370408316;0.1076;1.914
202;12649.671749479883;85.5968757402;36.863855774512274;37.45814718429319;23.03249477331093;109.14287298559437;108.97582165626952;67.06111642876304;0.14752524986131094;0.0;0.3061352527254858;0.0;0.14946922762461715;0.1094;1.911
203;12809.01110401745;85.45352419974607;36.0755411657195;36.677396074689696;29.041438749950636;109.54880839396536;109.39315828297508;75.69298736912528;0.1470855284979868;0.0;0.33660808999783365;0.0;0.12858206277103834;0.1076;1.911
204;12533.882695290657;82.98623612485943;35.369970736783955;35.31056523756372;1735.9640270575644;109.90576035934565;109.95154587219062;5.268653172489207;0.1433051268710948;0.0;0.1448464659341543;0.0;0.024336800201178774;0.111102031331;1.88003963316
205;11825.941771070195;79.88420657367877;35.076513530432486;35.04039267229235;2131.272738701597;108.99620811540196;109.02789213500095;4.727177397014012;0.1427340718;0.0;0.1439810909673608;0.0;0.022704238872882976;0.123802859878;1.83009792013
206;11887.701552493398;79.94450109382387;34.893043597043075;34.853626684875806;2174.205889338867;109.20465967244812;109.23959380670452;4.706142798793459;0.14271284500722978;0.0;0.14394902089332648;0.0;0.023023975582556484;0.122806466703;1.83153401667
207;12106.369139106511;85.80005222563958;39.810896216675744;39.83463472922303;5.347278750126528;107.96761610724451;107.97960386623062;117.56931270249994;0.14845199026535535;0.0;0.4931517885458733;0.0;0.2220200932878485;0.1157;1.908
208;12353.255098731592;85.56160554865173;38.74434717517863;38.60860183030263;13.14878241157891;108.34368082500822;108.39924180932672;87.43671938148084;0.14766423129277673;0.0;0.3796414149988673;0.0;0.2076665824583629;0.1126;1.908
209;12097.14277275695;85.12951767830036;39.21501153620628;39.20100239698038;8.908156537731761;107.9644325024801;108.01178507111382;105.82296268522872;0.14690741153978232;0.0;0.4480600169588516;0.0;0.17936331347316162;0.1157;1.901
210;12344.747583411687;85.23012852890344;38.46451248047071;38.3111508281505;17.515242693433773;108.36973137846778;108.43927827897413;77.72369216941952;0.1469268625794793;0.0;0.3438648869539219;0.0;0.18289713088606516;0.1126;1.9045
211;12215.607279770962;85.01724301301597;38.70580480928636;38.61484836615282;14.56603035950218;108.15946310288099;108.22304731980377;87.7829327309385;0.14657494057558187;0.0;0.3804966570021043;0.0;0.1780885356372719;0.11415;1.901
212;12217.307439961953;85.346074486097;39.00610276742681;38.93688256648333;10.59794957346963;108.14324317678823;108.18970065205879;98.36044190539738;0.14728064801397425;0.0;0.4201047657572433;0.0;0.20371300280248256;0.11415;1.9045
213;12342.966553978078;84.90467113054115;38.16107145429533;37.99281167073422;25.35539437555265;108.41475386048292;108.49746430302412;65.94556525865295;0.14625378097022332;0.0;0.3016144060451252;0.0;0.1563402137482723;0.1126;1.901
214;12225.519216452592;85.68098788572811;39.28798898610329;39.23895124197274;8.237099079474795;108.13636581981629;108.16611826734665;106.18244816517031;0.14805211166497262;0.0;0.4497942030183861;0.0;0.22727081088233936;0.11415;1.908
215;12098.495574305012;85.46171291382893;39.52100595936425;39.52778825185364;6.709194015983452;107.96450594962799;107.99371044793048;113.3017346580915;0.14764607585010595;0.0;0.4766507037173674;0.0;0.20189404879802128;0.1157;1.9045
216;12533.882694626109;82.98623612485943;35.33233826193909;35.31056524022205;1735.9640262051632;109.9330723744692;109.951545870827;5.268653171313553;0.14330512687109476;0.0;0.14484646593347006;0.0;0.02433680021732395;0.111102031331;1.88003963316
217;11825.941772800868;79.88420657367877;35.076850032259735;35.04039266536916;2131.2727421653835;109.0355375767363;109.0278921399732;4.727177424306777;0.14273407180000205;0.0;0.14398109098170006;0.0;0.02270423860263494;0.123802859878;1.83009792013
218;11887.701551940088;79.94450109382387;34.89218736524968;34.85362668708929;2174.2058888541887;109.23613433444963;109.23959380434135;4.7061427868962005;0.14271284500723075;0.0;0.1439490208871041;0.0;0.023023976017399316;0.122806466703;1.83153401667
219;12623.694604288175;87.22175898918192;39.78494632294122;39.18698148537841;8.449771980125314;108.23236019160858;108.55531337432869;96.1658947636358;0.15197892056860665;0.0;0.4135984308596102;0.0;0.254607963601302;0.111;1.926
220;12482.74702166442;87.36468681798193;40.40910280124282;39.89372406011882;6.01706472842925;108.03466980378604;108.31357629134482;111.78908440847236;0.15257261040143086;0.0;0.4724692504654672;0.0;0.2977780369325529;0.1126;1.926
221;12741.844229076292;86.77289948156198;38.93233761262727;38.265495033803674;11.757701418504913;108.49965241702141;108.83694508073984;86.54902095402285;0.1505185340754043;0.0;0.3775017323699099;0.0;0.1961486540419306;0.1094;1.923
222;12593.601411826172;86.9128776712819;39.59785345498912;38.998471930656706;9.274108734439064;108.24653293177771;108.56528040115252;93.47232913028158;0.15105939078264585;0.0;0.40325198221400776;0.0;0.243988066215953;0.111;1.923
223;12772.242796620127;87.07841834771024;39.12843817355971;38.449421358639064;10.550058444919149;108.4714528487204;108.81982763054295;89.21243237461721;0.15140073931366044;0.0;0.3876388960547675;0.0;0.20452326566705;0.1094;1.926
224;12566.510556281955;86.60870769292721;39.399262322118226;38.80266400836796;10.339269199832517;108.26663953492034;108.5788062516154;90.09889622867605;0.15019670572610522;0.0;0.3904408131663864;0.0;0.2319967058316651;0.111;1.92
225;12425.653069173648;86.74498356698383;40.037901677579015;39.50239505651474;7.1749200074600825;108.05315061616359;108.32904727226612;107.24964325000722;0.1507162794463272;0.0;0.4547033904581973;0.0;0.27437985584888896;0.1126;1.92
226;12714.185437471599;86.47204073085756;38.722631476129024;38.075269186552035;13.332894020802;108.53728284988556;108.85935068461042;83.1646136721908;0.14969172948264847;0.0;0.3647865974877213;0.0;0.18661369375625936;0.1094;1.92
227;12452.62355688578;87.05245401574624;40.22824065596152;39.701984454415104;6.522182678621363;108.04210481243034;108.32013651495251;109.8354942541398;0.15161528560201668;0.0;0.4647672196230469;0.0;0.2868106058354075;0.1126;1.923
228;12533.882695192557;82.98623612485943;35.29149591056362;35.31056523795604;1735.9640283621798;109.93557431744901;109.95154587294212;5.268653177774816;0.14330512687109467;0.0;0.1448464659372303;0.0;0.02433680020397751;0.111102031331;1.88003963316
229;11825.941771610069;79.88420657367877;35.060495429594326;35.040392670132626;2131.2727445208775;108.99529538770372;109.02789213729817;4.727177367415059;0.14273407179999886;0.0;0.14398109095181102;0.0;0.022704238602773232;0.123802859878;1.83009792013
230;11887.70155213728;79.94450109382387;34.87532617028192;34.853626686300586;2174.205892394313;109.20870509006096;109.23959380356277;4.706142808566824;0.1427128450072297;0.0;0.14394902089843872;0.0;0.02302397594789789;0.122806466703;1.83153401667
231;12342.96656308394;84.90467113054115;37.480434587861225;37.9928116343044;25.355393851099077;108.76199178980634;108.497464366203;65.94556985502845;0.14625378097022232;0.0;0.3016144221244937;0.0;0.15634021836599624;0.1126;1.901
232;12220.564499538114;84.69440891282065;37.67665011436328;38.27218036769853;21.789015809539585;108.56781330475155;108.27274227394985;74.34841754277764;0.14593251527165285;0.0;0.3312692172623995;0.0;0.15154931572956;0.11415;1.8975
233;12359.505183432742;84.27148011107799;36.96963300402748;37.293445298258405;75.7512867712368;108.87824399127544;108.70375335281203;38.280481050214895;0.14509102683196082;0.0;0.21094485024517773;0.0;0.10233711243298056;0.1126;1.894
234;12097.142763839505;85.12951767830036;38.30309105960433;39.20100243263997;8.908156309696258;108.38953253947963;108.01178517208544;105.82295777722356;0.1469074115397791;0.0;0.4480599984120622;0.0;0.17936334299286286;0.1157;1.901
235;12215.607281421868;85.01724301301597;37.90628861573213;38.6148483595372;14.566027686524148;108.56639203216648;108.22304743862931;87.78295435105005;0.1465749405755828;0.0;0.3804967368084022;0.0;0.17808857991935242;0.11415;1.901
236;12348.119445327417;84.5851495800201;37.233745068984796;37.65266995196637;40.97286107763671;108.80384276495563;108.5826410303249;52.44898436584898;0.14564259078298789;0.0;0.25539400892729336;0.0;0.12902793920598166;0.1126;1.8975
237;12231.746066230295;84.37748757387023;37.4321070211306;37.910525158190666;36.165202820794185;108.59523773818087;108.3480273107604;58.61584188615503;0.14535103525251972;0.0;0.2758622742067496;0.0;0.12569853614113388;0.11415;1.894
238;12113.135487064934;84.48321781439006;37.85564069492835;38.49072500963192;19.536333709775537;108.3519116976102;108.07778711312334;79.50252184555524;0.14562176261101895;0.0;0.34976579821748416;0.0;0.13280844590169422;0.1157;1.894
239;12102.226524750933;84.80338115299871;38.08484834991822;38.854528253086926;12.674187870400402;108.36044575018336;108.03763275284432;94.55304688717605;0.14623344452235798;0.0;0.4054980633178526;0.0;0.1556942655247944;0.1157;1.8975
240;12533.882695151655;82.98623612485943;35.372933340999175;35.31056523811976;1735.9640284579618;109.96040861551157;109.95154587175469;5.268653172150866;0.14330512687109498;0.0;0.14484646593395753;0.0;0.02433680019081412;0.111102031331;1.88003963316
241;11825.94177160364;79.88420657367877;35.12891982203505;35.04039267015828;2131.272742197038;109.04625362086391;109.02789213795583;4.727177344514741;0.14273407179999734;0.0;0.14398109093977976;0.0;0.022704238734892614;0.123802859878;1.83009792013
242;11887.701552271508;79.94450109382387;34.937015314461476;34.85362668576355;2174.205891668859;109.26144509537392;109.23959380474443;4.706142840247144;0.14271284500722764;0.0;0.14394902091500836;0.0;0.023023975736541386;0.122806466703;1.83153401667
243;12391.814326234322;83.66136747268062;36.6532151510649;36.55406032323164;369.01344543768613;109.12221326299245;109.05786645255428;15.159992273566225;0.14415828504798014;0.0;0.15639314892921458;0.0;0.0562419699069076;0.1126;1.887
244;12231.746063184373;84.37748757387023;38.28226809295299;37.91052517037294;36.16520318429628;108.32011326325649;108.34802732493831;58.61584151068764;0.14535103525252258;0.0;0.2758622729302685;0.0;0.1256985374369559;0.11415;1.894
245;12359.505187068846;84.27148011107799;37.54055317080249;37.2934452837185;75.75129819433522;108.71521468687477;108.70375330825212;38.28047863337572;0.14509102683196012;0.0;0.210944843227778;0.0;0.1023371210634432;0.1126;1.894
246;12266.538557249287;83.76104983032164;37.32326522135177;37.154891008189104;139.71547506541745;108.67190113034512;108.60983302367586;27.242128628181895;0.14436215152350382;0.0;0.18087168936714465;0.0;0.08099424748700007;0.11415;1.887
247;12375.092827825549;83.96357979267265;37.083876852835495;36.92317816479722;160.62870391567634;108.9156651400117;108.86452052698459;25.220616443644232;0.14459693962658718;0.0;0.1763109381507505;0.0;0.07762286308631962;0.1126;1.8905
248;12128.668089945651;84.16894305933934;38.507704024877526;38.1143133938625;32.78793585413737;108.1432097686743;108.14164053687826;61.72822996296898;0.14507007966083782;0.0;0.2863761828997193;0.0;0.11272909329849105;0.1157;1.8905
249;12113.135484928567;84.48321781439006;38.97282738288806;38.49072501817911;19.53633531750547;108.03422648662779;108.07778709599451;79.50251386823088;0.1456217626110239;0.0;0.3497657692052773;0.0;0.13280843394622066;0.1157;1.894
250;12147.070531865389;83.86047409912413;38.011164627194255;37.73222478534526;59.5385325767139;108.28636641348642;108.23946848840751;43.515537377611025;0.1445762249940042;0.0;0.2262739861774529;0.0;0.09646280202692277;0.1157;1.887
251;12247.843013490437;84.0663951861461;37.803356259691995;37.53503380096765;67.42466306814192;108.48266476917759;108.45872491774088;42.121934054350135;0.14482828285482593;0.0;0.22217864180984886;0.0;0.10199813010829888;0.11415;1.8905
252;12533.882695133792;82.98623612485943;35.44933200117011;35.31056523819129;1735.9640276167866;109.93403883128616;109.95154587112312;5.2686531700372585;0.14330512687109473;0.0;0.1448464659327272;0.0;0.024336800198401714;0.111102031331;1.88003963316
253;11825.941772833708;79.88420657367877;35.162575153622264;35.040392665237476;2131.2727431279927;108.99496107938455;109.0278921430002;4.727177401880238;0.1427340717999986;0.0;0.1439810909699157;0.0;0.022704238849028797;0.123802859878;1.83009792013
254;11887.701551216585;79.94450109382387;34.97546661119681;34.853626689983614;2174.2058943046886;109.20631619157221;109.23959380123146;4.706142802765082;0.14271284500722992;0.0;0.14394902089540412;0.0;0.023023975769740457;0.122806466703;1.83153401667
255;12482.74702933886;87.36468681798193;40.18933501883497;39.89372402942805;6.017065160285804;108.27969868780121;108.31357622200694;111.78911879819498;0.1525726104014304;0.0;0.4724693806545338;0.0;0.2977780973170774;0.1126;1.926
256;12425.653085403965;86.74498356698383;39.814925090966746;39.50239499158957;7.174920599052662;108.2927638474996;108.32904731103264;107.24963434830849;0.15071627944632868;0.0;0.4547033568642889;0.0;0.27437983318494397;0.1126;1.92
257;12297.181876464036;86.87663339970491;40.406310674600796;40.14795091266817;4.7840621212263565;108.09873648601628;108.1186255503558;118.1528091857629;0.1512334031861085;0.0;0.4962186253862045;0.0;0.2878321056930926;0.11415;1.92
258;12354.585658764825;87.50276034417425;40.777276985993325;40.544464008187035;4.092618399375948;108.09196345179168;108.10594978139912;119.356646074783;0.15316241637426434;0.0;0.5013929298989616;0.0;0.3079709638191512;0.11415;1.926
259;12205.928372548868;87.32176274566103;41.14580796951896;40.95811257614899;3.0424394947601905;107.93703086905523;107.93741897596144;116.56123754283512;0.15273462960159068;0.0;0.49062431801023604;0.0;0.2770859415393146;0.1157;1.923
260;12178.398238773845;87.00792765680397;40.95688907982975;40.75439736845836;3.280188576958165;107.9397566808396;107.94389356678732;117.99538635183858;0.1517639732879864;0.0;0.495781084284026;0.0;0.2694403764692348;0.1157;1.92
261;12324.250671710724;87.1872910520191;40.596351918977305;40.35033410592189;4.3939715814048865;108.09438876121956;108.11147776539356;118.97571062287795;0.1521680215828879;0.0;0.49963849250565506;0.0;0.2985723143834418;0.11415;1.923
262;12452.623555840566;87.05245401574624;40.00704953018041;39.701984458593;6.5221821615730695;108.28484558621828;108.32013654422258;109.83549961402625;0.15161528560201654;0.0;0.4647672398897354;0.0;0.2868106237189575;0.1126;1.923
263;12236.814111419042;87.64045860587267;41.32622679911391;41.15326601591454;2.858757386088612;107.93562824406037;107.93212160358145;114.99708828354572;0.1537665486677309;0.0;0.4850086981993914;0.0;0.2836568672021464;0.1157;1.926
